<?xml version="1.0" encoding="utf-8"?>
	<results>
		<runtime>1.9738342761993408</runtime>
		<energy>2.9607514142990112</energy>
		<image>
			<filename>0.jpg</filename>
			<size>
				<width>640</width>
				<length>360</length>
			</size>
			<object>
				<bndbox>
					<xmin>50</xmin>
					<xmax>90</xmax>
					<ymin>70</ymin>
					<ymax>130</ymax>
				</bndbox>
			</object>
		</image>
		<image>
			<filename>1.jpg</filename>
			<size>
				<width>640</width>
				<length>360</length>
			</size>
			<object>
				<bndbox>
					<xmin>50</xmin>
					<xmax>90</xmax>
					<ymin>70</ymin>
					<ymax>130</ymax>
				</bndbox>
			</object>
		</image>
	</results>
